password,category
Chris2001,name_year
Peter2003,name_year
Peter1999,name_year
hlCIUC1cgri285,random
$up3r1!,deceptive
Gi6IYJt6&,random
Melissa1998,name_year
Mu$1c1!,deceptive
rPRDOK$oYqBVu,random
Killer1!,deceptive
s4LHEZs76g9rGQ,random
Princess1!,deceptive
Superman1!,deceptive
princess,simple
User2024!,deceptive
06rfbL*yT2T,random
John2005,name_year
Scott1998,name_year
Scott2001,name_year
Kate2004,name_year
apple123,simple
Mary1998,name_year
Lisa2004,name_year
Dragon2024!,deceptive
happy123,simple
P@$$w0rd1!,deceptive
h9s!ZktoyW7Jr@,random
8&49bZx$48,random
Melissa2004,name_year
lQ0i5^hbvV^,random
Adam2002,name_year
Eric1999,name_year
princess123,simple
Chris1998,name_year
Emma2001,name_year
^#7lHoCeA,random
7h0m@$1!,deceptive
G00gl31!,deceptive
uiIEjLqNUyB,random
Peter2004,name_year
%*u^WFv*7hAz,random
$i^m^shEYvQ,random
Alex2005,name_year
Luke2001,name_year
Ashley1998,name_year
Jessica2005,name_year
Mike2000,name_year
Sarah1999,name_year
Paul1999,name_year
Ln2y^Tkhr,random
Ryan1997,name_year
Andrew1!,deceptive
Scott2003,name_year
Emma2000,name_year
Alex1998,name_year
password,simple
Adam2001,name_year
Brian2000,name_year
Winter2024!,deceptive
Chris2005,name_year
gdhR3DeA*L^8,random
summer123,simple
daniel123,simple
B@7m@n1!,deceptive
Admin1!,deceptive
Welcome2024!,deceptive
DoLZov*TEKipx,random
Ashley2005,name_year
Mike2002,name_year
Brian1997,name_year
Paul2003,name_year
8Rq@kGrra4@Vl,random
VpnbrH7fDS,random
password123,simple
Love1!,deceptive
Letmein2024!,deceptive
ULCnz0R1o,random
cb#8OOXDibw4R6,random
Lisa2000,name_year
John2001,name_year
dZK0H2JhJ%d,random
J0$hu@1!,deceptive
John1999,name_year
Brian2003,name_year
Jason2003,name_year
Dr@g0n1!,deceptive
Ashley1997,name_year
Emma1999,name_year
angel123,simple
Alex1999,name_year
Anna2001,name_year
Adam1997,name_year
joshua123,simple
Joshua2024!,deceptive
Master1!,deceptive
Sarah1998,name_year
Kate2005,name_year
x8rnFDtr#F8Md*,random
Daniel2024!,deceptive
Kevin2000,name_year
master123,simple
Kate2001,name_year
Brian2004,name_year
UzMy*MyFvqY,random
Ryan2000,name_year
*u&UtNW0dQI,random
apple,simple
kevin,simple
Monkey1!,deceptive
Melissa2001,name_year
magic123,simple
batman,simple
Baseball1!,deceptive
angel,simple
Eric2002,name_year
shadow123,simple
Emma1998,name_year
gLAFlvw$P,random
Anna1998,name_year
guest,simple
D@n13l1!,deceptive
Luke1998,name_year
Coffee2024!,deceptive
i!ndEK4W$ZnE%,random
Guest1!,deceptive
Killer2024!,deceptive
baseball,simple
Happy2024!,deceptive
Mary2001,name_year
Alex1997,name_year
Lucky1!,deceptive
Access2024!,deceptive
andrew,simple
WGcut8eqs3P4,random
Amanda2001,name_year
access,simple
hZrjhZMPcgqQNY,random
eagle,simple
$nP6qWvV43Nc,random
hello123,simple
Melissa2002,name_year
Scott2005,name_year
W1n73r1!,deceptive
Tiger2024!,deceptive
Kevin2003,name_year
@u$71n1!,deceptive
happy,simple
Amanda1999,name_year
Emma1997,name_year
user123,simple
Y9T6R$tWpFqz&z,random
GT#mOSIgyx,random
John2002,name_year
Jason1999,name_year
YABkW!892p,random
James1999,name_year
%nbkiUNpW,random
coffee123,simple
Winter1!,deceptive
M0nk3y1!,deceptive
killer123,simple
Hun73r1!,deceptive
V@RvMauEOTGE,random
Kevin1997,name_year
sunshine,simple
Melissa2000,name_year
Tyler2003,name_year
Eric2003,name_year
H3ll01!,deceptive
Sarah2004,name_year
Austin1!,deceptive
Mark1999,name_year
g7rPKBvxxlJ,random
football,simple
vRQZ%ooUkmfa,random
$up3rm@n1!,deceptive
Amanda1997,name_year
Hello1!,deceptive
winter123,simple
Jason1997,name_year
gDta1SsZM,random
Austin2024!,deceptive
Princess2024!,deceptive
L0v31!,deceptive
master,simple
Tyler1999,name_year
Chris1999,name_year
U$3r1!,deceptive
Hunter1!,deceptive
@ndr3w1!,deceptive
H@ppy1!,deceptive
Coffee1!,deceptive
Welcome1!,deceptive
Jake1999,name_year
Anna2003,name_year
Alex2003,name_year
Sara2005,name_year
thomas,simple
sdGi#fuS9zneU,random
Magic1!,deceptive
Sarah1997,name_year
Emma2004,name_year
Peter2001,name_year
Brian1999,name_year
&78AF6lyUXV,random
Amanda2000,name_year
Jessica1999,name_year
User1!,deceptive
Jessica1997,name_year
Batman1!,deceptive
Monkey2024!,deceptive
Ryan1998,name_year
Mike1998,name_year
George2024!,deceptive
Music1!,deceptive
RUi@JUwWMnU,random
Eagle1!,deceptive
W3lc0m31!,deceptive
Love2024!,deceptive
Jake1998,name_year
Sara1999,name_year
Chris2002,name_year
Happy1!,deceptive
Eric1998,name_year
Mike2001,name_year
Ryan2003,name_year
Anna1999,name_year
James2004,name_year
James2001,name_year
David2000,name_year
J3^ZUtURg%,random
James1997,name_year
James2002,name_year
G30rg31!,deceptive
Eagle2024!,deceptive
Thomas1!,deceptive
Anna1997,name_year
Super2024!,deceptive
MQUWct1#ymkUeZ,random
Jake2005,name_year
QlZlA*SMV,random
John2003,name_year
Tyler2002,name_year
oTph7z1O47&5Q,random
Sara2000,name_year
Vi901xula,random
secure123,simple
Adam1999,name_year
David2001,name_year
saY6OU8FHx1A$,random
Peter1997,name_year
Mary2005,name_year
TvEOZgu0mjL&L@,random
Shadow1!,deceptive
Scott1999,name_year
admin,simple
Ashley2001,name_year
Amanda2003,name_year
Super1!,deceptive
Jessica2004,name_year
Magic2024!,deceptive
Kevin2001,name_year
C0ff331!,deceptive
Mary2002,name_year
Sara2004,name_year
Lisa2002,name_year
C9$D#duvh,random
John2004,name_year
David2004,name_year
Jason2004,name_year
music,simple
Sarah2005,name_year
Jason1998,name_year
Brian1998,name_year
Brian2002,name_year
user,simple
Adam2004,name_year
Ashley2004,name_year
9Skj0L0DOz*j,random
Robert2024!,deceptive
wdzErCVmm,random
Mark2002,name_year
Kate1997,name_year
Luke2000,name_year
music123,simple
Fl8F06t2HqEXq,random
Tyler2004,name_year
@dm1n1!,deceptive
$h@d0w1!,deceptive
Amanda2002,name_year
John1998,name_year
andrew123,simple
Tiger1!,deceptive
monkey123,simple
Paul1997,name_year
Paul1998,name_year
KG^eHCWI@ffQet,random
thomas123,simple
Emma2002,name_year
Kate2003,name_year
killer,simple
test123,simple
Alex2000,name_year
Mark2001,name_year
hatHx^r8heIO,random
superman123,simple
Test1!,deceptive
John2000,name_year
wLjqWXeCLDo,random
Mark2000,name_year
uzvXiddu%S,random
Luke2002,name_year
Secure2024!,deceptive
Paul2002,name_year
austin,simple
David2002,name_year
google123,simple
DMT@5elv0N,random
Chris2004,name_year
google,simple
Dragon1!,deceptive
Scott2002,name_year
Paul2001,name_year
Sarah2003,name_year
Mary1997,name_year
Melissa1999,name_year
hello,simple
secure,simple
Sara1998,name_year
sunshine123,simple
s2FD^*MYku^O,random
lucky123,simple
Jason2005,name_year
Mark1998,name_year
Secure1!,deceptive
Mike1997,name_year
Password1!,deceptive
magic,simple
summer,simple
letmein123,simple
kevin123,simple
Ryan1999,name_year
Sara2002,name_year
6ggZ4MPNx,random
love123,simple
Mary2004,name_year
k0dfFDQCp,random
Lisa2003,name_year
vCj%vIg!jFU0%D,random
Hello2024!,deceptive
Kate2000,name_year
Jake2003,name_year
Luke2003,name_year
Kevin2005,name_year
Tyler2005,name_year
shadow,simple
Batman2024!,deceptive
g^6O%*Vsc,random
Ashley1999,name_year
Summer2024!,deceptive
B@$3b@ll1!,deceptive
M@g1c1!,deceptive
Kevin1999,name_year
Mike2005,name_year
Alex2001,name_year
1l0v3y0u1!,deceptive
George1!,deceptive
@ng3l1!,deceptive
MPaXeecxJtHLY,random
iL1mpHY&Kth,random
Password2024!,deceptive
Jake2000,name_year
xIwIystP9MKn,random
Tyler2001,name_year
Eric2001,name_year
L37m31n1!,deceptive
Adam2005,name_year
Kate1998,name_year
$umm3r1!,deceptive
Melissa2005,name_year
Scott1997,name_year
letmein,simple
73$71!,deceptive
Luke1997,name_year
Eric2005,name_year
Football1!,deceptive
admin123,simple
dragon,simple
george,simple
Jason2002,name_year
$un$h1n31!,deceptive
Google2024!,deceptive
Kevin1!,deceptive
@ppl31!,deceptive
Kevin1998,name_year
Music2024!,deceptive
Master2024!,deceptive
Lucky2024!,deceptive
dragon123,simple
guest123,simple
Brian2001,name_year
george123,simple
Pr1nc3$$1!,deceptive
super123,simple
Y&^4z3aLFVVO5$,random
Sara2001,name_year
Anna2005,name_year
coffee,simple
Tyler2000,name_year
David2003,name_year
FknP0je27x,random
Ashley2003,name_year
EGvCtLEP!ZQ,random
Sara2003,name_year
Eric2004,name_year
Football2024!,deceptive
Alex2004,name_year
Apple1!,deceptive
Emma2003,name_year
Luke2004,name_year
M@$73r1!,deceptive
austin123,simple
MpP4a4Wxk^xgg7,random
Mike2003,name_year
Brian2005,name_year
Andrew2024!,deceptive
DzJx75h^S6XEZ,random
Hunter2024!,deceptive
lucky,simple
Mary2000,name_year
Lisa2005,name_year
Google1!,deceptive
Peter2002,name_year
s3h98p5Gv3,random
&qA7CwH@A*,random
Kate2002,name_year
Anna2000,name_year
Ryan2004,name_year
Paul2005,name_year
access123,simple
robert,simple
9sJm@8uSQk1L2L,random
Kate1999,name_year
OXAPuJE3iT9M8E,random
Jessica1998,name_year
fIe11iHMs,random
Kevin2024!,deceptive
Mary2003,name_year
joshua,simple
Anna2004,name_year
&IcJP89EKFYCTk,random
James2005,name_year
$$aRNgLJjye,random
Summer1!,deceptive
Mike1999,name_year
Anna2002,name_year
K3v1n1!,deceptive
Eric1997,name_year
B1%b9OH$uB!6,random
@cc3$$1!,deceptive
Lucky1!,deceptive
Shadow2024!,deceptive
super,simple
Chris2000,name_year
hunter,simple
2q4pnr01Vjg,random
Scott2000,name_year
Jake2004,name_year
Sarah2002,name_year
Adam2003,name_year
Kevin2002,name_year
hEtVIUdBPavoj,random
pUBte2yJV7,random
ceS#*0EgS9FW@,random
ju9HcS3XvaCp6,random
John1997,name_year
Kdr7F4U*P%!QYJ,random
Jake2001,name_year
qcwso%9wT,random
YI1WTI3gpW,random
Test2024!,deceptive
Mark2005,name_year
monkey,simple
Sara1997,name_year
*L3h8jz3Pb,random
James2000,name_year
Kevin2004,name_year
Mary1999,name_year
David1998,name_year
Lisa1998,name_year
F007b@ll1!,deceptive
Peter1998,name_year
Jason2000,name_year
71g3r1!,deceptive
welcome,simple
iloveyou,simple
Letmein1!,deceptive
Joshua1!,deceptive
robert123,simple
Emma2005,name_year
David2005,name_year
Melissa1997,name_year
test,simple
daniel,simple
Sarah2000,name_year
2sRBfwVL%R!I,random
eagle123,simple
OrHCgUyC8dTTe,random
love,simple
Access1!,deceptive
Lisa1997,name_year
Jason2001,name_year
Robert1!,deceptive
Angel1!,deceptive
Mark2003,name_year
James1998,name_year
!orh29CRk,random
dkNv*i1Q3pKFE8,random
Angel2024!,deceptive
Peter2005,name_year
r5H40xi^j^,random
Adam1998,name_year
winter,simple
hunter123,simple
Mark1997,name_year
tiger123,simple
Lisa1999,name_year
Ryan2002,name_year
David1997,name_year
R0b3r71!,deceptive
Mark2004,name_year
Superman2024!,deceptive
Paul2000,name_year
football123,simple
Paul2004,name_year
Scott2004,name_year
Peter2000,name_year
Ryan2001,name_year
James2003,name_year
Chris2003,name_year
Admin2024!,deceptive
0MQppEcxVClGi,random
L@PUfE8mswFx9,random
Tyler1997,name_year
Tyler1998,name_year
Lisa2001,name_year
Sunshine1!,deceptive
Gu3$71!,deceptive
zl6XQ*Ta5u,random
K1ll3r1!,deceptive
Adam2000,name_year
Daniel1!,deceptive
Jessica2002,name_year
batman123,simple
C5BZvvr%WH,random
evdH#LdJ7ee8C,random
Sarah2001,name_year
Luke2005,name_year
Apple2024!,deceptive
Jessica2001,name_year
Sunshine2024!,deceptive
Amanda2005,name_year
David1999,name_year
VHR%wQTSG,random
Thomas2024!,deceptive
iloveyou123,simple
Ryan2005,name_year
Chris1997,name_year
baseball123,simple
welcome123,simple
Jessica2003,name_year
Amanda2004,name_year
Jake2002,name_year
Iloveyou1!,deceptive
Nh%WkczMEcz$,random
Eric2000,name_year
Baseball2024!,deceptive
Alex2002,name_year
Mike2004,name_year
Ashley2002,name_year
Melissa2003,name_year
superman,simple
Ashley2000,name_year
tiger,simple
Jake1997,name_year
Luke1999,name_year
6MP4q23Pt,random
Jessica2000,name_year
zBni7FUSPb3riN,random
Amanda1998,name_year
PIhz&4qqN,random
$3cur31!,deceptive
Iloveyou2024!,deceptive
3@gl31!,deceptive
Guest2024!,deceptive
